{"epoch": 0, "alpha_loss": -0.5665839314460754, "critic_loss": 0.07824930548667908, "actor_loss": -4.465783596038818, "batch_entropy": -1.0984752178192139, "alpha": 0.7631521224975586, "q_policy_std": 0.00899750366806984, "q_random_std": 0.009336552582681179, "_timestamp": 1714837357.453881, "_runtime": 60.70547604560852, "_step": 9, "_wandb": {"runtime": 66}}