{"epoch": 0, "alpha_loss": -0.5666005611419678, "critic_loss": 0.012989767827093601, "actor_loss": -4.465404510498047, "batch_entropy": -1.0985212326049805, "alpha": 0.7631505727767944, "q_policy_std": 0.010794202797114849, "q_random_std": 0.008815692737698555, "_timestamp": 1714897816.426093, "_runtime": 58.88790416717529, "_step": 9, "_wandb": {"runtime": 63}}