{"epoch": 0, "alpha_loss": -0.5665416121482849, "critic_loss": 0.03331874683499336, "actor_loss": -4.458266735076904, "batch_entropy": -1.0983340740203857, "alpha": 0.763153612613678, "q_policy_std": 0.013621584512293339, "q_random_std": 0.013061190024018288, "_timestamp": 1714898879.775945, "_runtime": 58.62683606147766, "_step": 9, "_wandb": {"runtime": 64}}