{"epoch": 0, "alpha_loss": -0.5666317343711853, "critic_loss": 0.00014768184337299317, "actor_loss": -4.455101490020752, "batch_entropy": -1.0986078977584839, "alpha": 0.76314777135849, "q_policy_std": 0.00284365750849247, "q_random_std": 0.002319557126611471, "_timestamp": 1714898695.403082, "_runtime": 60.05071687698364, "_step": 9, "_wandb": {"runtime": 66}}