{"epoch": 0, "alpha_loss": -0.5665372610092163, "critic_loss": 0.04326118528842926, "actor_loss": -4.443791389465332, "batch_entropy": -1.098307490348816, "alpha": 0.7631525993347168, "q_policy_std": 0.010894473642110825, "q_random_std": 0.014409240335226059, "_timestamp": 1714838862.072287, "_runtime": 60.59544515609741, "_step": 9, "_wandb": {"runtime": 66}}