{"epoch": 0, "alpha_loss": -0.5666229724884033, "critic_loss": 0.00913318246603012, "actor_loss": -4.457648754119873, "batch_entropy": -1.0985991954803467, "alpha": 0.7631500959396362, "q_policy_std": 0.011271554045379162, "q_random_std": 0.00901133194565773, "_timestamp": 1714837592.076434, "_runtime": 61.711068868637085, "_step": 9, "_wandb": {"runtime": 67}}