{"epoch": 0, "alpha_loss": -0.5666207075119019, "critic_loss": 0.1591930240392685, "actor_loss": -4.4950456619262695, "batch_entropy": -1.0986028909683228, "alpha": 0.7631512880325317, "q_policy_std": 0.007988818921148777, "q_random_std": 0.009769339114427567, "_timestamp": 1714897397.575383, "_runtime": 58.491523027420044, "_step": 9, "_wandb": {"runtime": 64}}