{"epoch": 0, "alpha_loss": -0.5516285300254822, "critic_loss": 0.010428475216031075, "actor_loss": -3.9334867000579834, "batch_entropy": -1.0512243509292603, "alpha": 0.7639732360839844, "q_policy_std": 0.02877025119960308, "q_random_std": 0.03038056008517742, "_timestamp": 1714901274.332866, "_runtime": 61.54206705093384, "_step": 9}