{"epoch": 0, "alpha_loss": -0.5506237745285034, "critic_loss": 0.004298657178878784, "actor_loss": -3.8809099197387695, "batch_entropy": -1.0472030639648438, "alpha": 0.7639443874359131, "q_policy_std": 0.028385594487190247, "q_random_std": 0.03171541541814804, "_timestamp": 1714901485.788196, "_runtime": 71.04025411605835, "_step": 9}