{"epoch": 0, "alpha_loss": -0.5665827393531799, "critic_loss": 0.2483055144548416, "actor_loss": -4.526101112365723, "batch_entropy": -1.0984690189361572, "alpha": 0.7631519436836243, "q_policy_std": 0.009322783909738064, "q_random_std": 0.010822458192706108, "_timestamp": 1714837232.7358122, "_runtime": 59.27020025253296, "_step": 9, "_wandb": {"runtime": 61}}