{"epoch": 0, "alpha_loss": -0.566561758518219, "critic_loss": 0.18422812223434448, "actor_loss": -4.506612777709961, "batch_entropy": -1.0984175205230713, "alpha": 0.7631545662879944, "q_policy_std": 0.013639424927532673, "q_random_std": 0.014613192528486252, "_timestamp": 1714899845.128266, "_runtime": 64.56489109992981, "_step": 9}