{"epoch": 0, "alpha_loss": -0.5666047930717468, "critic_loss": 0.022411499172449112, "actor_loss": -4.465216159820557, "batch_entropy": -1.0985571146011353, "alpha": 0.763152539730072, "q_policy_std": 0.010042855516076088, "q_random_std": 0.010519018396735191, "_timestamp": 1714899504.991202, "_runtime": 55.78411602973938, "_step": 9, "_wandb": {"runtime": 61}}