{"epoch": 0, "alpha_loss": -0.5666078329086304, "critic_loss": 0.08113202452659607, "actor_loss": -4.41398286819458, "batch_entropy": -1.0985586643218994, "alpha": 0.7631516456604004, "q_policy_std": 0.00881496537476778, "q_random_std": 0.010664543136954308, "_timestamp": 1714838246.6254861, "_runtime": 59.29241919517517, "_step": 9, "_wandb": {"runtime": 64}}