{"epoch": 0, "alpha_loss": -0.5665945410728455, "critic_loss": 0.035555850714445114, "actor_loss": -4.490939617156982, "batch_entropy": -1.0985195636749268, "alpha": 0.7631525993347168, "q_policy_std": 0.009499172680079937, "q_random_std": 0.0069877393543720245, "_timestamp": 1714837775.869193, "_runtime": 59.29741907119751, "_step": 9, "_wandb": {"runtime": 64}}