{"epoch": 0, "alpha_loss": -0.5666142702102661, "critic_loss": 0.022882377728819847, "actor_loss": -4.446296691894531, "batch_entropy": -1.098569631576538, "alpha": 0.7631503343582153, "q_policy_std": 0.00979788601398468, "q_random_std": 0.009869151748716831, "_timestamp": 1714838767.2831202, "_runtime": 60.84790921211243, "_step": 9, "_wandb": {"runtime": 63}}