{"epoch": 0, "alpha_loss": -0.06295804679393768, "critic_loss": 0.03377005457878113, "actor_loss": -2.222087860107422, "batch_entropy": -1.098479986190796, "alpha": 0.970152735710144, "q_policy_std": 0.013750550337135792, "q_random_std": 0.013725687749683857, "_timestamp": 1714902252.381331, "_runtime": 8.91231894493103, "_step": 1}