{"epoch": 0, "alpha_loss": -0.5666303634643555, "critic_loss": 0.00013343628961592913, "actor_loss": -4.452188014984131, "batch_entropy": -1.0986031293869019, "alpha": 0.76314777135849, "q_policy_std": 0.002513206796720624, "q_random_std": 0.0022053017746657133, "_timestamp": 1714838383.7543192, "_runtime": 58.55140829086304, "_step": 9, "_wandb": {"runtime": 63}}