{"epoch": 0, "alpha_loss": -0.5665846467018127, "critic_loss": 0.014760887250304222, "actor_loss": -4.478074073791504, "batch_entropy": -1.098464846611023, "alpha": 0.7631508111953735, "q_policy_std": 0.008039221167564392, "q_random_std": 0.007715654093772173, "_timestamp": 1714837889.988113, "_runtime": 57.469456911087036, "_step": 9, "_wandb": {"runtime": 63}}