{"epoch": 0, "alpha_loss": -0.5523557662963867, "critic_loss": 0.006174897775053978, "actor_loss": -3.9321508407592773, "batch_entropy": -1.054423451423645, "alpha": 0.7640228271484375, "q_policy_std": 0.02939705364406109, "q_random_std": 0.030195657163858414, "_timestamp": 1714901610.7811441, "_runtime": 67.55546402931213, "_step": 9}