{"epoch": 0, "alpha_loss": -0.12591981887817383, "critic_loss": 0.012773922644555569, "actor_loss": -2.441920280456543, "batch_entropy": -1.0986087322235107, "alpha": 0.9414805769920349, "q_policy_std": 0.005730728153139353, "q_random_std": 0.005690919701009989, "_timestamp": 1714836739.157522, "_runtime": 13.315353870391846, "_step": 2}