{"epoch": 0, "alpha_loss": -0.5665802955627441, "critic_loss": 0.2202664017677307, "actor_loss": -4.4834489822387695, "batch_entropy": -1.0984517335891724, "alpha": 0.7631511092185974, "q_policy_std": 0.012867745012044907, "q_random_std": 0.012596653774380684, "_timestamp": 1714900861.256211, "_runtime": 63.35591506958008, "_step": 9}