{"epoch": 0, "alpha_loss": -0.5665726065635681, "critic_loss": 0.03001418150961399, "actor_loss": -4.523355007171631, "batch_entropy": -1.0984138250350952, "alpha": 0.7631502151489258, "q_policy_std": 0.0044232201762497425, "q_random_std": 0.006738787516951561, "_timestamp": 1714838654.1777248, "_runtime": 59.44542384147644, "_step": 9, "_wandb": {"runtime": 64}}