{"epoch": 0, "alpha_loss": -0.5666027069091797, "critic_loss": 0.036749109625816345, "actor_loss": -4.453310012817383, "batch_entropy": -1.0985440015792847, "alpha": 0.7631520628929138, "q_policy_std": 0.008608309552073479, "q_random_std": 0.007955152541399002, "_timestamp": 1714899338.609788, "_runtime": 60.30283784866333, "_step": 9, "_wandb": {"runtime": 66}}