{"epoch": 0, "alpha_loss": -0.5665959119796753, "critic_loss": 0.009719518013298512, "actor_loss": -4.493366718292236, "batch_entropy": -1.0985115766525269, "alpha": 0.7631512880325317, "q_policy_std": 0.008535175584256649, "q_random_std": 0.009292716160416603, "_timestamp": 1714897162.408173, "_runtime": 58.071820974349976, "_step": 9, "_wandb": {"runtime": 63}}