{"epoch": 0, "alpha_loss": -0.3776252269744873, "critic_loss": 0.021493716165423393, "actor_loss": -3.5632452964782715, "batch_entropy": -1.09793221950531, "alpha": 0.8350207209587097, "q_policy_std": 0.008451108820736408, "q_random_std": 0.006377571262419224, "_timestamp": 1714900778.012654, "_runtime": 40.64279007911682, "_step": 6}