{"epoch": 0, "alpha_loss": -0.5665887594223022, "critic_loss": 0.017489289864897728, "actor_loss": -4.462447166442871, "batch_entropy": -1.0984841585159302, "alpha": 0.763151228427887, "q_policy_std": 0.007071457803249359, "q_random_std": 0.006260629277676344, "_timestamp": 1714899003.5262752, "_runtime": 59.84011912345886, "_step": 9, "_wandb": {"runtime": 65}}