{"epoch": 0, "alpha_loss": -0.566596269607544, "critic_loss": 0.014142543077468872, "actor_loss": -4.471964359283447, "batch_entropy": -1.0985029935836792, "alpha": 0.7631503343582153, "q_policy_std": 0.010368055664002895, "q_random_std": 0.008759736083447933, "_timestamp": 1714898420.0611992, "_runtime": 67.04712510108948, "_step": 9, "_wandb": {"runtime": 75}}