{"epoch": 0, "alpha_loss": -0.5666241645812988, "critic_loss": 0.024186063557863235, "actor_loss": -4.468445301055908, "batch_entropy": -1.0986080169677734, "alpha": 0.7631505131721497, "q_policy_std": 0.006340350955724716, "q_random_std": 0.00862983800470829, "_timestamp": 1714837111.781791, "_runtime": 55.79361701011658, "_step": 9, "_wandb": {"runtime": 61}}