{"epoch": 0, "alpha_loss": -0.5666060447692871, "critic_loss": 0.05069701373577118, "actor_loss": -4.425857067108154, "batch_entropy": -1.098555326461792, "alpha": 0.7631519436836243, "q_policy_std": 0.013359684497117996, "q_random_std": 0.012996954843401909, "_timestamp": 1714836482.293963, "_runtime": 65.98432683944702, "_step": 9, "_wandb": {"runtime": 71}}