{"epoch": 0, "alpha_loss": -0.5539030432701111, "critic_loss": 0.006476607173681259, "actor_loss": -4.019185543060303, "batch_entropy": -1.059617280960083, "alpha": 0.7639665603637695, "q_policy_std": 0.027040377259254456, "q_random_std": 0.029354289174079895, "_timestamp": 1714901883.28644, "_runtime": 62.22250485420227, "_step": 9}