{"epoch": 0, "alpha_loss": -0.5665845274925232, "critic_loss": 0.07590645551681519, "actor_loss": -4.4364728927612305, "batch_entropy": -1.098487377166748, "alpha": 0.7631531357765198, "q_policy_std": 0.012248552404344082, "q_random_std": 0.01251189410686493, "_timestamp": 1714838061.173981, "_runtime": 62.314682960510254, "_step": 9, "_wandb": {"runtime": 68}}