{"epoch": 0, "alpha_loss": -0.5665982961654663, "critic_loss": 0.024809831753373146, "actor_loss": -4.490227699279785, "batch_entropy": -1.0985220670700073, "alpha": 0.7631514668464661, "q_policy_std": 0.0062964316457509995, "q_random_std": 0.007038802839815617, "_timestamp": 1714836822.10589, "_runtime": 60.965282917022705, "_step": 9, "_wandb": {"runtime": 66}}