{"epoch": 0, "alpha_loss": -0.5665630102157593, "critic_loss": 0.03481399640440941, "actor_loss": -4.4874114990234375, "batch_entropy": -1.0983916521072388, "alpha": 0.7631514668464661, "q_policy_std": 0.007443456444889307, "q_random_std": 0.00909503921866417, "_timestamp": 1714898151.9866219, "_runtime": 64.9749047756195, "_step": 9, "_wandb": {"runtime": 70}}