{"epoch": 0, "alpha_loss": -0.5666015148162842, "critic_loss": 0.04643198102712631, "actor_loss": -4.468208312988281, "batch_entropy": -1.0985345840454102, "alpha": 0.7631515264511108, "q_policy_std": 0.010714896954596043, "q_random_std": 0.012006793171167374, "_timestamp": 1714839040.501617, "_runtime": 59.07348895072937, "_step": 9, "_wandb": {"runtime": 64}}