{"epoch": 9, "alpha_loss": -3.6516053676605225, "critic_loss": 0.06279623508453369, "actor_loss": -3.538219928741455, "batch_entropy": -0.28788474202156067, "alpha": 0.05868108570575714, "q_policy_std": 0.23168011009693146, "q_random_std": 0.3281732201576233, "_timestamp": 1714902967.413425, "_runtime": 672.0694868564606, "_step": 102, "eval/reward_mean": 0.2, "eval/reward_std": 0.4000000000000001, "_wandb": {"runtime": 671}}