{"epoch": 0, "alpha_loss": -0.5666157007217407, "critic_loss": 0.036476489156484604, "actor_loss": -4.478396415710449, "batch_entropy": -1.0985766649246216, "alpha": 0.7631505131721497, "q_policy_std": 0.008606706745922565, "q_random_std": 0.011731681413948536, "_timestamp": 1714838543.3566122, "_runtime": 59.73302125930786, "_step": 9, "_wandb": {"runtime": 65}}