{"epoch": 0, "alpha_loss": -0.5662822127342224, "critic_loss": 0.31455478072166443, "actor_loss": -4.391902923583984, "batch_entropy": -1.0973894596099854, "alpha": 0.7631552815437317, "q_policy_std": 0.019484883174300194, "q_random_std": 0.014319242909550667, "_timestamp": 1714897906.150769, "_runtime": 62.795552015304565, "_step": 9, "_wandb": {"runtime": 67}}