{"epoch": 0, "alpha_loss": -0.5666306018829346, "critic_loss": 0.00020704572671093047, "actor_loss": -4.444502830505371, "batch_entropy": -1.098607063293457, "alpha": 0.7631480693817139, "q_policy_std": 0.0030328959692269564, "q_random_std": 0.0032434926833957434, "_timestamp": 1714900006.404642, "_runtime": 58.04008603096008, "_step": 9}